highway_type,total_length
primary,2577972.4174797637
trunk,2007387.138048998
secondary,1215080.2683270827
motorway,236220.80647708673
tertiary,98984.07938559272
