geo_id,VULNERABLE_POPULATION,AVG_INCOME_CHANGE
11368,20465.011159957616,5793.0
11220,18335.5340559942,8186.0
77449,18113.6023247183,7309.0
11373,17828.803262252706,3595.0
60618,16306.80864472368,16310.0
37013,16042.749532754624,6388.0
60629,16033.687261548444,1307.0
90011,15940.884381867847,6703.0
11385,15904.018438364257,16930.0
11377,15865.982011821108,6574.0
