similar_publication_number,similarity
US-2013244410-A1,0.9969542597580046
WO-2012069520-A1,0.9831138003058022
US-2014217553-A1,0.9664863157761384
US-9076666-B2,0.9662141410923405
KR-20130122640-A,0.9611191755088109
