year,month,sum_of_differences
2010,7,13.012486336824853
2010,8,13.06004002551666
2010,6,13.40703934387485
