minutes_range,total_trips,average_fare
01m to 10m,104397604,6.871598617567696
11m to 20m,55671609,12.87387893678054
21m to 30m,19802922,27.24614277675566
31m to 40m,9627659,35.90384130865789
41m to 50m,5072384,40.72128419684379
51m to 60m,2596436,43.81172633757299
