reference_bases,min_start_position,min_position_ratio,max_start_position,max_position_ratio
AT,27317,0.19225950845978435,249224663,1754.0656442667719
TA,10178,0.08384062209115546,249230596,2053.021046648599
