month,event_type,unique_visitors,total_pageviews,total_sessions,avg_pageviews_per_visitor
6,non-purchase,51690,210614,62632,4.074559876184948
6,purchase,878,22596,946,25.735763097949885
7,non-purchase,58168,243831,70781,4.191840874707743
7,purchase,964,26723,1031,27.720954356846473
