year,month,add_to_cart_conversion_rate,purchase_conversion_rate
2017,1,647346.6784112251,0.27666971921709843
2017,2,572664.3133524443,0.3140894619343283
2017,3,634553.1858570757,0.3826265210656514
