mean_mutated,var_mutated,n_mutated,mean_non_mutated,var_non_mutated,n_non_mutated,t_score
680.7689530477271,125543.35942210296,3656,791.2341373061664,94294.33674867093,7006,-15.977918865162883
