state_name,avg_median_income_diff,avg_vulnerable
Georgia (U.S. state),16522.466666666664,905.219433825253
District of Columbia,10497.681818181818,2237.1506983563822
Massachusetts,9121.0214424951264,1236.426172272131
California,9077.4184884447022,2387.6822817787347
New Jersey,8674.2147887323972,1448.9823939551511