month,avg_pageviews_purchase,avg_pageviews_non_purchase
201704,107.12183908045976,403.43396106172133
201705,90.2521327014218,377.81824538912036
201706,94.02050113895217,316.86558846341671
201707,124.23755186721992,334.05655979568053