month,avg_pageviews_transactional,avg_pageviews_non_transactional
2017-04,25.889655172413793,3.9793087232541735
2017-05,23.61137440758294,4.44650515822418
2017-06,25.735763097949885,4.074524067481814
2017-07,27.720954356846473,4.188137195908192
