provider_city,TOTAL_DISCHARGES,WEIGHTED_AVG_TOTAL_PAYMENTS
NEW YORK,6346,21656.258430507405
BOSTON,3957,18323.85317159464
SPRINGFIELD,3540,15290.641242937852
