avg_inventors,cnt,filing_year
1.2116093123277121,189727,1945
1.2774988589685066,190617,1950
1.3522834860648134,227087,1955
1.4126704965852255,258143,1960
1.4887901725575723,311780,1965
1.6233227905845178,328820,1970
1.6962059135338237,351837,1975
1.79167682356476,352798,1980
1.9627189596686294,453394,1985
2.1250909521633914,590970,1990
2.294347315434393,908471,1995
2.4946088962142348,2155681,2000
2.5975411433974682,2744365,2005
2.7492466509205382,3192743,2010
2.912310609770592,3726631,2015