state_code,evaluation_group,state_name,total_acres
78,782014,U.S. Virgin Islands,9975.6395206378838
60,602012,American Samoa,32918.715523486542
69,692015,Northern Mariana Islands,46988.793306768595
66,662013,Guam,48780.9524903276
70,702014,Palau,84133.540010541648
64,646416,Federated States of Micronesia,121234.94195207032
32,322019,Nevada,223383.03073965828
10,102019,Delaware,281920.34067016613
38,382021,North Dakota,286048.83850747749
44,442019,Rhode Island,294530.48372237151