avg_inventors,cnt,filing_year
1.1898197242841995,943,1945
1.2928961748633889,915,1950
1.361220472440944,1016,1955
1.430010070493454,993,1960
1.4876093294460651,1372,1965
1.6244870041039681,1462,1970
1.8060046189376444,1299,1975
1.8080000000000003,1000,1980
2.0099079971691416,1413,1985
2.1605087825560245,1651,1990
2.3225616921269174,1702,1995
2.5787553648068595,4660,2000
2.6312450436161767,7566,2005
2.7821201758671203,4094,2010
2.946582614465838,12056,2015