min_minutes,max_minutes,total_trips,average_fare
0.0,4.0,34655569,7.754891050715038
4.0,7.0,34655569,6.283021236369423
7.0,9.0,34655569,7.74955245985438
9.0,13.0,34655568,9.97873172380109
13.0,21.0,34655568,15.165683883670104
21.0,60.0,34655568,33.244304552303454
