min_minutes,max_minutes,total_trips,average_fare
0.0,4.0,34655569,7.7601672221585893
4.0,7.0,34655569,6.2790846469286894
7.0,9.0,34655569,7.7491667724754274
9.0,13.0,34655568,9.98111321377171
13.0,21.0,34655568,15.163324561012685
21.0,60.0,34655568,33.243329482099632