id,name,state,loc,dist_meters,rank
USC00111584,CHICAGO WB CITY 2,IL,POINT(-87.6333 41.8833),457.47729123239475,1
USW00014881,FORT DEARBORN,IL,POINT(-87.6258 41.8883),986.24103310612793,2
US1ILCK0036,CHICAGO 4.7 NE,IL,POINT(-87.621 41.886),1000.1247755444874,3
USC00111526,CHICAGO GRANT PARK,IL,POINT(-87.6167 41.8833),1160.6090709825085,4
USC00111562,CHICAGO SAN DIST OFC,IL,POINT(-87.6333 41.9),2240.6156286907612,5