end_station_id,end_station_name,group_trips,total_ending_trips,proportion_group
3182,,3760,8674,0.433479
3181,,1034,2411,0.428868
3254,Soissons Landing,2075,5859,0.354156
2006,Central Park S & 6 Ave,40094,170829,0.234703
3257,,45,195,0.230769
3180,,1529,10513,0.145439
3300,Prospect Park West & 8 St,153,1269,0.120567
3423,West Drive & Prospect Park West,154,1462,0.105335
3253,,9,86,0.104651
3354,3 St & Prospect Park West,111,1096,0.101277
