country,recovery_rate
France,2112.1399500508742
China,93.845799386883925
Germany,56.57601100970183