reference_bases,min_start_position,min_position_ratio,max_start_position,max_position_ratio
AT,27317,7.0380901438585627e-06,249224663,7.0380901438585627e-06
TA,10178,8.23743585096831e-06,249230596,8.23743585096831e-06