zip_code,year_month,per_capita_sales
52003,2022-01,1.327
52003,2022-02,0.99238
52003,2022-03,0.871495
52003,2022-04,1.369538
52003,2022-05,1.024598
52003,2022-06,0.889334
52003,2022-07,1.210999
52003,2022-08,1.492679
52003,2022-09,1.281713
52003,2022-10,1.288721
52003,2022-11,1.092896
52003,2022-12,1.644734
