race,difference
White,0.23249999999999998
Asian,0.20125
Black or African American,0.01949999999999999
