race,diff
asian,0.27999999999999997
white,0.26425
black,0.013249999999999998