year,pearson_corr_poverty_vs_no_maternal_morbidity_pct
2016,0.1308977323370502
2017,0.09065448056352061
2018,0.07749751920162655
