country_or_region,total_confirmed_cases,cases_per_100k_people
US,799531,242.6614650563906
Germany,141672,170.19594722642606
Spain,200210,422.81599677577725
France,154402,229.1117012210813
China,86382,6.08726687526778
Italy,181228,304.3085771048582
Iran,83505,99.41905483427878
