symptom,avg_2019,avg_2020,pct_increase_2019_to_2020
Anxiety,9.576923,9.884615,3.212848218600
Depression,5.980769,5.788462,-3.215422632100
