country_name,TOTAL_CONFIRMED_CASES,CASES_PER_100K
Spain,200210,422.81599677577725
France,154402,229.1117012210813
China,86382,6.122347604812267
United States,799531,242.6614650563906
"Iran, Islamic Rep.",83505,99.41905483427878
Germany,141672,170.19594722642606
Italy,181228,304.3085771048582
