country_region,TOTAL_CASES,CASES_PER_100K
US,784326,238.04667516558908
France,156480,232.19517238814782
China,83817,5.940552536321801
Italy,181228,304.3085771048582
Spain,200210,422.81599677577725
Germany,147065,176.6747626832003
Iran,83505,99.41905483427877
