TXN_COUNT_PER_MONTH,TXN_PER_SECOND,YEAR,MONTH
183276039,68.4274339157706,2023,12
162083388,62.5321712962963,2023,11
94523972,35.291208183990442,2023,1
90043521,33.618399417562721,2023,3
80163484,33.136360780423281,2023,2
76129325,28.423433766427717,2023,7
75445088,29.1069012345679,2023,4
73182973,27.323391950418159,2023,8
72673257,27.133085797491038,2023,10
72024889,26.891012918160097,2023,5
71810059,27.704498070987654,2023,6
66595971,25.692890046296295,2023,9
