year,avg_symptom_Anxiety,avg_symptom_Depression,percent_increase_anxiety,percent_increase_depression
2019,9.6178846153846163,6.0082692307692307,2.6972987023373993,-3.7896488813494327
2020,9.8773076923076939,5.7805769230769224,Null,Null