average,variance,max_min_difference,qtl_source_of_max
11.319791445971905,0.010891819552173165,0.18130550835397585,PhLiPS