year,total,state,population,rate_per_100000
2016,150,New Mexico,6161043,2.4346527040957189
2016,194,Kentucky,12977133,1.4949372869955175
2016,54,Idaho,4702578,1.1483063119846177
2016,98,Kansas,8551884,1.1459463201324995
2016,154,Louisiana,13598490,1.1324786796181048
2015,128,New Mexico,6161043,2.0775703074950136
2015,207,Kentucky,12977133,1.5951134969488254
2015,43,Montana,2965035,1.4502358319547661
2015,164,Louisiana,13598490,1.206016256216683
2015,16,Wyoming,1683354,0.9504833802040451