Ensembl_gene_id_v,var_fpkm
ENSG00000198886.2,23123402.845200073
ENSG00000198763.3,17792160.451170124
ENSG00000198804.2,12550624.152566575
ENSG00000198938.2,11762033.773057278
ENSG00000198712.1,10916032.338960122
