Histology_Type,Average_Log_Expression
9450/3,2.6967184429497295
9401/3,2.558390345072906
9400/3,2.6014163319762287
9451/3,2.5826348457075095
9382/3,2.7135713051934518