Ny,Nn,avg_y,avg_n,tscore
248,261,2.4951339759115005,2.8946862090794077,24.426213134588817