n,k,mean_sq_between,mean_sq_within,F
375,3,6.2302365331313352,0.095633531107393366,65.146988310355084