Histology_Type,Average_Log_Expression
9400/3,2.6105762001742563
9401/3,2.7330362845932039
9450/3,2.5375172442429008
9382/3,2.6182981209805862
9451/3,2.757866051954446