state,total_claim_count,total_drug_cost
CA,3725846,35073534.87
FL,2689327,21046051.19
NY,2606392,20729281.249999993
TX,2212275,17513523.700000003
PA,1760543,14121212.740000002
