similar_publication_number,similarity
US-2013244410-A1,0.99695425975800456
WO-2012069520-A1,0.9831138003058022
US-2014217553-A1,0.96648631577613842
US-9076666-B2,0.96621414109234049
KR-20130122640-A,0.96111917550881087