PLOT_TYPE,YEAR,STATE,AVERAGE_SIZE
subplot,2015,Wyoming,7634.419129440116
subplot,2016,Alaska,15679.879103970125
subplot,2017,Wyoming,6284.792518170388
macroplot,2015,California,4937.295863300523
macroplot,2016,California,5128.199385365012
macroplot,2017,California,5043.9370607363635
