PLOT_TYPE,YEAR,STATE_NAME,MAX_AVG_SIZE
MACROPLOT,2015,California,4937.295863300523
MACROPLOT,2016,California,5128.199385365012
MACROPLOT,2017,California,5043.9370607363635
SUBPLOT,2015,Wyoming,7634.419129440116
SUBPLOT,2016,Alaska,15679.879103970125
SUBPLOT,2017,Wyoming,6284.792518170388
