state_name,f0_,state_name1,f1_
California,5228.311087739221,Wyoming,6674.921602344637