state_name,f0_
California,5228.311087739221
Wyoming,6674.921602344637