year,percentage
2008,45.012394383739867
2009,45.085009495074
2010,45.82678618360351
2011,46.063331563010834
2012,48.24644086967961
2013,46.260746175374088
2014,45.682705977656013
2015,45.255359571908762
2016,44.399765799372659