Year,Month_num,Event_Type,Average_Pageviews_Per_Visitor
2017,06,Purchased,25.735763097949885
2017,06,Non-Purchased,4.0745598761849458
2017,07,Purchased,27.72095435684647
2017,07,Non-Purchased,4.1918408747077454
