month,avg_pageviews_purchase,avg_pageviews_non_purchase
201706,94.02050113895217,316.86558846341671
201707,124.23755186721992,334.05655979568053