index_number,port_name,state_name,storm_years,count_storms,storm_name,avg_storm_cat,avg_wind_speed,port_geom,tropical_storm_geom
8530,SAVANNAH,Georgia,2016,1,MATTHEW,2.4787234042553195,101.99999999999999,POINT(-81.0833333333333 32.0833333333333),"POLYGON((-83.0364431139953 32.6059273188962, -81.1860707602756 30.1410553564642, -79.5316169879453 29.3054953661147, -76.9787673471113 33.2402751318438, -83.0364431139953 32.6059273188962))"