category,number_total_by_category,percent_education
tech,401,0.99750623441396513
sport,511,0.19569471624266144
business,510,0.58823529411764708
politics,417,3.8369304556354917
entertainment,386,0.25906735751295334