tx_percent,utxos_percent,value_percent
2.2545108516634338,16.139134603670939,3.216638
1.6707462856492286,21.39312815004968,2.126257