Day_of_Week,Num_Questions,Num_Answered_in_1H,Percent_Answered_in_1H
1,157237,60630,38.55962655100263
2,251182,94923,37.7905263912223
3,269887,102365,37.928836883584609
4,276742,104861,37.891248888856772
5,273442,103351,37.796315123499681
6,247624,93473,37.747956579329951
7,153466,58576,38.168714894504319
