weekday,questions_total_2021,answered_within_1hr,pct_answered_within_1hr
Monday,251182,94921,37.789700
Tuesday,269887,102365,37.928800
Wednesday,276742,104861,37.891200
Thursday,273442,103351,37.796300
Friday,247624,93473,37.748000
Saturday,153466,58576,38.168700
Sunday,157237,60630,38.559600
