MONTH,PROPORTION
1,0.157090
2,0.160618
3,0.160150
4,0.165878
5,0.159198
6,0.159220
7,0.162981
8,0.155850
9,0.156435
