month_index,proportion
202201,0.15708953922355157
202202,0.1606178486441813
202203,0.16014974226298975
202204,0.16587844743129807
202205,0.15919751303319166
202206,0.15921953169046751
202207,0.16298145763028946
202208,0.15585041555061316
202209,0.15643529822113708
