UserName,ScoreDifference
dansbecker,5768.6488720786583
ryanholbrook,1246.6488720786583
kashana,1237.6488720786583