condition_name,percentage
Acne,1.1599342632290095
Atopic Dermatitis,2.779372681420767
Psoriasis,5.8625458558673165
Vitiligo,1.3485149059503467
