year,month,SUM_OF_DIFFERENCES
2010,7,13.012486336824956
2010,8,13.060040025516681
2010,6,13.407039343874708
