DEMOGRAPHIC_GROUP,GROWTH_RATE_PERCENT
Asian,45.07936507936508
Black,137.5
Global Men,-5.04322766570604
Global Women,11.437908496732037
Latinx,66.66666666666666
Native American,-10.000000000000009
US Men,-6.760563380281681
US Women,16.55172413793105
White,-29.767441860465116
