usertype,avg_precipitation,avg_wind_speed,avg_temperature
Customer,0.0997008787646106,4.0357933867173683,57.855812643972385