shot_type,avg_x,avg_y,avg_attempts,avg_successes        
layup,108.26715055022184,301.45756263170506,6.531628034027988,3.5900452665261851        
dunk,95.82457983193278,300.62878151260435,2.9134453781512417,2.5805322128851373        
jump shot,208.00366597978669,298.96561672063984,2.6453733686585612,0.9269865567657799        
tip shot,94.064198124548909,301.90983409473432,1.4395287328684778,0.88362587160374961        
hook shot,123.66227825504903,304.87861207185267,1.2070735244895785,0.57837777529845025