shot_type,avg_x,avg_y,avg_attempts,avg_made
dunk,90.50108167876544,301.2157107831354,2.742929,2.429551
hook shot,124.90350309640448,304.56899898327015,2.474611,1.185727
jump shot,211.25353034307057,297.78031228160245,36.045515,12.631385
layup,96.35305504853005,302.93920971736355,17.904418,9.841036
tip shot,93.31835643895106,301.83831635209623,1.594407,0.978695
