week_1_pct,week_2_pct,week_3_pct
0.22121212121212122,0.081818181818181818,0.060606060606060608