rating,avg_total_spend,avg_subsequent_rental_count
G,110.65990384615384,25.298077
NC-17,111.94145299145302,25.358974
PG,112.67066037735849,26.264151
PG-13,115.23639455782313,26.380952
R,111.42312000000001,25.480000
