bucket,max_profit
10,1441.83
9,715.4299999999998
5,671.0599999999997