avg_pct_ltv_7_days,avg_pct_ltv_30_days,avg_ltv
9.37964298027943,24.758796259511534,112.54843071786313
