"year","cities_inserted","year_over_year"
"2021",1508,
"2022",1437,-4.70822281167109%
"2023",1402,-2.43562978427279%
