tier,lowest_profit,highest_profit
1,588.3599999999999,785.1500000000001
2,304.34000000000015,544.0500000000003
3,184.96999999999994,264.8799999999999
4,114.49000000000001,165.9600000000001
5,68.15000000000002,106.80999999999995
6,39.47,66.34
7,17.80000000000001,39.44999999999993
8,0.5999999999999996,10.840000000000007
9,-10.030000000000086,0.3100000000000005
10,-27.93999999999994,-10.030000000000086
