"year","cities_inserted","running_total","year_over_year"
"2021",1395,1395,
"2022",1411,2806,"101.146953405018%"
"2023",1432,4238,"51.0334996436208%"
