RFM_Bucket,avg_sales_per_customer
About to Sleep,57.68495912447257
Can't Lose Them,350.8868165989553
Champions,250.8568210435466
Hibernating,182.8458159996057
Lost,57.39320983627944
Loyal Customers,237.88125736097265
Needs Attention,145.90492498719917
Potentital Loyalists,130.37477273563726
Price Sensitive,34.90935135135135
Promising,35.08535857461025
Recent Users,67.64212875853163
