CATEGORY,MIN_DURATION_MINUTES,MAX_DURATION_MINUTES,TOTAL_REVENUE
Short,0.017850,3.288800,469.2599999999999
Medium,3.289250,47.086100,1817.5500000000002
Long,47.726183,88.115883,41.78999999999999
