year,month_name,cities_inserted,running_total,year_over_year,total_year_over_year
2022,April,1437,2945,-4.708222811671088,95.29177718832891
2022,May,1459,2968,-3.313452617627568,96.68654738237244
2022,June,1411,2806,1.146953405017921,101.14695340501792
2023,April,1402,4347,-2.4356297842727908,47.60611205432937
2023,May,1389,4357,-4.797806716929403,46.799191374663074
2023,June,1432,4238,1.48830616583983,51.033499643620814
