driver_id,average_daily_deliveries,total_deliveries,active_days
25651,91.51694915254237,10799,118
26223,69.10569105691057,8500,123
30579,12.0,12,1
49258,11.8,354,30
357,11.057142857142857,774,70
