country_name,country_batting_average
England,14.563182071429
West Indies,13.998253588235
Australia,13.480040136364
South Africa,12.373404918919
New Zealand,11.951117650000
