bucket,customer_count,min_profit,max_profit
1,29,-98.44000000000017,91.64
2,17,-3.75999999999999,549.0000000000002
3,5,-15.11000000000001,418.44000000000005
4,3,-1.44,229.53999999999996
5,4,0.41,671.0599999999997
6,1,-15.11000000000001,445.25
7,1,111.18000000000006,229.53999999999996
8,2,-29.7399999999999,490.3700000000001
9,2,-25.17999999999995,715.4299999999998
10,4,-33.41999999999985,1441.83