driver_id,AVG_DAILY_DELIVERIES
25651.0,92.474576
26223.0,72.067227
49258.0,12.678571
357.0,11.217391
41596.0,11.156250
