RFM_Segment,AverageSalesPerOrder
Champions,301.0725568262036
Hibernating,289.20691869060187
Loyal Customers,241.04019778067885
Can't Lose Them,213.08749295774646
Needs Attention,176.6350814891062
Potential Loyalists,86.97129415221863
About to Sleep,86.5178123034344
Lost,79.35965873255864
Recent Users,46.86492595639654
