CATEGORY,MIN_DURATION_MINUTES,MAX_DURATION_MINUTES,TOTAL_REVENUE
long,47.726183,88.115883,41.78999999999999
medium,3.289250,47.086100,1817.5499999999997
short,0.017850,3.288800,469.26
