sale_year,percentage_change
2018,0.193027
2019,0.103849
2020,-1.146018
