YEAR,ZIP,STATE,GROWTH_PERCENTAGE
2015,zip/20148,Virginia,11.65712971
2016,zip/77407,Texas,12.72902353
2017,zip/34785,Florida,15.20085617
2018,zip/34785,Florida,15.90245521
2019,zip/92618,California,13.1152461
2020,zip/32258,Florida,17.41391468
