year,zip_code,state_abbreviation,growth_rate
2015,34119,FL,12.209532873344436
2016,34785,FL,18.960578365843677
2017,92618,CA,15.985428294508875
2018,34785,FL,15.902455209024552
2019,20105,VA,17.689969604863222
2020,85396,AZ,20.889739296818945
