YEAR,ZIP,STATE,GROWTH_PERCENTAGE
2015,zip/20148,Virginia,0.1165712971
2016,zip/77407,Texas,0.1272902353
2017,zip/34785,Florida,0.1520085617
2018,zip/34785,Florida,0.1590245521
2019,zip/92618,California,0.131152461
2020,zip/32258,Florida,0.1741391468
