badge_name,user_count,avg_days_to_first_gold
Famous Question,418852,1635.131710
Fanatic,27621,863.558379
Great Answer,25009,1969.970171
Unsung Hero,21079,825.658380
Electorate,12123,1242.499629
Populist,10928,1716.399067
Publicist,2749,2408.868680
Steward,1566,1200.948276
Great Question,714,882.117647
Copy Editor,344,751.508721
