publication_number,SIMILARITY_SCORE
US-9627067-B2,0.8008297794410992
CN-106158001-A,0.7897022470245336
CN-105895155-A,0.7697817037820518
CN-106909476-A,0.7680261119410533
US-9595319-B2,0.7521409683327491
