sequence_label,avg_repetition_time,avg_echo_time,avg_slice_thickness,combined_average_sum
adc_prostateX,2773.4791666666665,64.11458333333333,3.0791666648454137,2840.6729166648456
combined_overall,4448.666666666667,85.94859813084112,3.051869158061494,4537.66713395557
t2w_prostateX,5811.531073446327,103.71186440677967,3.0296610169491527,5918.272598870056
