year,difference_avg_output_value
2015,-916671589.726630620703
2016,-1561835706.681090520680
2017,-991280057.895162335712
2018,-433278135.081342795418
2019,140139106.761802612769
2020,-774916792.033550968106
2021,-1679556791.897003655636
2022,-1346039002.674850655776
2023,258151715.776915474390
