avg_inventors,cnt,filing_year
1.5311778290993077,433,1960
1.5598526703499085,543,1965
1.6577437858508601,523,1970
1.7451820128479656,467,1975
1.7947598253275105,458,1980
1.9710610932475892,311,1985
2.2213209733487842,863,1990
2.5253837072018874,847,1995
2.6127450980392117,1020,2000
2.8923996584116143,1171,2005
2.9673640167364033,1195,2010
3.1642105263157885,1425,2015