badge_name,user_count,avg_days_to_earn
Famous Question,418859,1635.131873770613
Fanatic,27621,863.241119952283
Great Answer,25006,1969.909129141126
Unsung Hero,21079,825.649010296741
Electorate,12122,1242.224812646345
Populist,10929,1716.580168750480
Publicist,2749,2408.617419769007
Steward,1565,1200.817606696486
Great Question,710,876.719486704225
Copy Editor,344,751.481998319767
