BLOCK_NUMBER,SOURCE_ADDRESS,DESTINATION_ADDRESS,AMOUNT
26554348,0x517591d35d313bf6a5e33098284502b045e2bc08,TKHuVq1oKVruCGLvqVexFs6dawKv6fQgFs,400000000.000000
26554338,0x0000000000000000000000000000000000000000,THPvaUhoh2Qn2y9THCZML3H815hhFhn5YC,400000000.000000
30605416,0x1b5b904a1c9d2c57e4c22c94c9b775152be66dfe,TYDzsYUEpvnYmQk4zGP9sWWcTEd2MiAtW6,200000000.000000
