badge_name,user_count,avg_days_to_earn
Famous Question,418855,1635.128620795908
Fanatic,27620,863.266178475923
Great Answer,25006,1969.953200900504
Unsung Hero,21079,825.649010296741
Electorate,12122,1242.411957432189
Populist,10928,1716.406522696193
Publicist,2749,2408.617419769007
Steward,1567,1200.169527543714
Great Question,712,879.841549066011
Copy Editor,344,751.481998319767
