year,avg_output_value_diff
2015,-849388366.283564219324
2016,-1236787037.731224844854
2017,-739385349.058211143914
2018,-362949769.335715268091
2019,-249413831.301874929843
2020,-743793077.297214082126
2021,-1507951619.446783732411
2022,-999016280.515128004417
2023,-224522813.915914030291
