BADGE_NAME,USERS_COUNT,AVG_DAYS_TO_EARN
Famous Question,418855,1635.119319308073
Fanatic,27620,863.266178475923
Great Answer,25007,1969.960436485864
Unsung Hero,21079,825.649010296741
Electorate,12124,1242.400956489855
Populist,10928,1716.406522696193
Publicist,2748,2409.163286494541
Steward,1566,1200.160076102810
Great Question,714,885.890444228291
Copy Editor,344,751.481998319767
