mirna_id,T_STATISTIC
hsa-mir-4519,1.8423941490647024
hsa-mir-25,3.357770663442575
hsa-mir-1193,6.740368306486313
hsa-mir-493,2.4695524659956063
hsa-mir-590,1.9766277412495916
hsa-mir-937,3.9618006339426834
hsa-mir-3133,2.3015687900242083
hsa-mir-5571,1.6399877614708562
hsa-mir-92a-1,-1.6845342728779438
hsa-mir-4768,1.723769825574193
