First_Gold_Badge,Num_Users,Avg_Num_Days
Famous Question,418859,1634.6257666661102
Fanatic,27620,862.70832729905851
Great Answer,25006,1969.3904262976878
Unsung Hero,21079,825.15138289292679
Electorate,12122,1241.8008579442346
Populist,10929,1716.0818922133776
Publicist,2748,2408.6786754002915
Steward,1567,1199.6432673899167
Great Question,710,877.92535211267614
Copy Editor,344,750.99999999999989
