TXN_COUNT_PER_MONTH,TXN_PER_SECOND,YEAR,MONTH
259562,0.096909348864994027,2023,7
211259,0.0815042438271605,2023,9
199254,0.076872685185185183,2023,11