badge_name,user_count,avg_days
Famous Question,418854,1635.130282893569
Fanatic,27620,863.266178475923
Great Answer,25008,1969.949523820337
Unsung Hero,21079,825.649010296741
Electorate,12122,1242.224812646345
Populist,10928,1716.406522696193
Publicist,2749,2408.617419769007
Steward,1566,1200.160076102810
Great Question,714,882.320750694678
Copy Editor,344,751.481998319767
