station_id,total_starting_trips,pct_of_active_starts,avg_duration_minutes
3798,179703,8.8043,17.220247
2498,82661,4.0499,18.447829
3838,67726,3.3182,17.352922
2547,64474,3.1588,21.458417
2575,63161,3.0945,40.160352
2707,61488,3.0125,39.205666
3795,60601,2.9691,13.668388
2548,59726,2.9262,21.439172
2574,49292,2.4150,43.588818
2499,48551,2.3787,31.176454
2494,48336,2.3682,34.383027
2501,47309,2.3178,22.413558
2552,45854,2.2466,25.407380
2566,43854,2.1486,34.099079
2495,43431,2.1278,27.586770
