PatientID,StudyInstanceUID,SeriesInstanceUID,StudyDescription,SeriesDescription,StorageLocation,TotalSizeMB
MED_LYMPH_007,61.7.102432584850582937613178565576727689438,1.2.276.0.7230010.3.1.3.0.22718.1674506898.326574,mediastinal_lymph_nodes,Lymph node segmentations,s3://idc-open-data/d422b666-e504-4563-a121-d3ffe6b7ead8/,1.01
MED_LYMPH_007,61.7.102432584850582937613178565576727689438,61.7.236153238415899774813399005901015124149,mediastinal_lymph_nodes,mediastinal_lymph_nodes,s3://idc-open-data/fab5394c-3372-4137-a533-0b9f5048e866/,14.19
MED_LYMPH_006,61.7.200220339504383078914804615756338194012,61.7.33825421852962039667152130405229476361,mediastinal_lymph_nodes,mediastinal_lymph_nodes,s3://idc-open-data/368394fa-7873-4c36-858a-ba30ab2beaf5/,14.19
