year,month,monthly_transaction_count,transactions_per_second
2023,7,259562,0.09690934886499403
2023,9,211259,0.0815042438271605
2023,11,199254,0.07687268518518518
