BADGE_NAME,USERS_WHO_EARNED_AS_FIRST_GOLD,AVG_DAYS_FROM_CREATION
Famous Question,418854,1635.117116035764
Fanatic,27621,863.241119952283
Great Answer,25005,1969.904914648750
Unsung Hero,21079,825.649010296741
Electorate,12124,1242.400956489855
Populist,10931,1716.844275284512
Publicist,2749,2408.617419769007
Steward,1566,1200.826644293742
Great Question,712,882.519875105337
Copy Editor,344,751.481998319767
