delivery_month,PROFIT_INCREASE
2023-07,1674.2070901250527
2023-05,775.8708230672783
2022-08,613.1756091190333
2023-10,499.51405067846736
2023-04,441.9733643053372
