state_abbr,total_median_income_change,total_adjusted_non_labor_force,avg_population_adjusted_proportion
WY,132028.0,17767.0,0.29076520034611875
WI,132051.0,23101.0,0.30265044377655864
WV,110449.0,31431.0,0.29644555401075307
