state,total_median_income_diff,total_not_in_labor_force,percent_not_in_labor_force
WY,442048.0,149782.0,0.26252927061472642
ND,1119503.0,161287.0,0.23666828783758723
VT,864329.0,168333.0,0.28011170136298008