address_type,max_balance,min_balance
multisig,10920.000000000,-51343.000000000
pubkeyhash,192112095138.000000000,-557583981515.000000000
scripthash,50495618.000000000,-11276720.000000000
