name,USER_COUNT,AVG_DAYS_TO_EARN
Famous Question,418855,1635.135285
Fanatic,27620,863.583454
Great Answer,25007,1969.991322
Unsung Hero,21079,825.658380
Electorate,12123,1242.585664
Populist,10928,1716.399067
Publicist,2749,2408.868680
Steward,1567,1200.291002
Great Question,711,876.381153
Copy Editor,344,751.508721
