complete_membership_years,avg_reputation,avg_badge_count
0,5.004191,0.582272
1,9.914777,0.805090
2,15.920002,1.117189
3,22.791756,1.396702
4,33.020358,1.752981
5,54.484564,2.484087
6,80.972755,3.154013
7,113.329636,3.680252
8,185.697450,5.082472
9,438.383549,9.610893
10,814.632759,14.313553
11,1453.971381,20.341952
12,5086.895489,50.739421
13,11127.505155,79.269469
