complete_years,avg_reputation,avg_badges,user_count
0,5.004191,0.582272,2590574
1,9.914777,0.80509,2119146
2,15.920002,1.117189,1660339
3,22.791756,1.396702,1669149
4,33.020358,1.752981,1695835
5,54.484564,2.484087,1435218
6,80.972755,3.154013,1223500
7,113.329636,3.680252,1172446
8,185.69745,5.082472,1043571
9,438.383549,9.610893,560578
10,814.632759,14.313553,325348
11,1453.971381,20.341952,174741
12,5086.895489,50.739421,52272
13,11127.505155,79.269469,12610
