icd_o_3_histology,avg_log_igf2
9382/3,2.713571305193452
9400/3,2.6014163319762282
9401/3,2.5583903450729055
9450/3,2.6967184429497295
9451/3,2.582634845707509
