BADGE_NAME,USERS_WITH_FIRST_GOLD,AVG_DAYS_TO_EARN
Famous Question,418856,1635.122419666048
Fanatic,27621,863.241119952283
Great Answer,25005,1969.888124820276
Unsung Hero,21079,825.649010296741
Electorate,12122,1242.310826877000
Populist,10930,1716.701548443092
Publicist,2748,2409.163286494541
Steward,1566,1200.826644293742
Great Question,712,882.519875105337
Copy Editor,344,751.481998319767
