RFM_Bucket,avg_sales_per_customer
Recent Users,67.636493908
Price Sensitive,35.005184244
Potentital Loyalists,132.311763245
Champions,243.481765052
Loyal Customers,237.895693586
Promising,34.706762332
Needs Attention,146.826293175
About to Sleep,56.865580785
Hibernating,184.549735579
Can't Lose Them,337.502816291
Lost,57.111350913
