initial_event_name,initial_users,retained_users,retention_rate
level_end_quickplay,44347,2511,0.05662164295217264
level_reset_quickplay,15290,4509,0.2948986265533028
level_fail_quickplay,17100,869,0.050818713450292395
level_retry_quickplay,3908,185,0.047338792221084953
level_complete_quickplay,27247,1584,0.05813484053290271
level_start_quickplay,67045,7256,0.10822581848012529
