month,tx_percent,utxos_percent,value_percent
12,17.01307408649011,413.0685657399588,2.439870900
