address_type,max_balance,min_balance
pubkeyhash,22999934864861.000000000,23.000000000
scripthash,24499990000000.000000000,540.000000000
nonstandard,0E-9,0E-9
pubkey,16.000000000,9.000000000
