rfm_score,avg_sales_per_order
111,51.176014705638465
112,133.47916022916257
113,220.3784963142025
114,330.0024320281893
115,825.7468395967818
