n,k,mean_sq_between,mean_sq_within,F
3,2,0.015598559541210335,0.0021356223677115585,7.3039877166697238