month,year,avg_pageviews_purchase,avg_pageviews_non_purchase
4,2017,24.271551724137932,3.32450030970978
5,2017,22.340807174887892,3.5824772755572165
6,2017,23.885835095137423,3.3630978043912183
7,2017,25.91949563530553,3.445644033067193
