avg_inventors,cnt,filing_year
1.2116093123277119,189727,1945
1.2774988589685086,190617,1950
1.352283486064814,227087,1955
1.4126704965852257,258143,1960
1.4887901725575716,311780,1965
1.6233227905845127,328820,1970
1.6962059135338239,351837,1975
1.791676823564759,352798,1980
1.9627189596686347,453394,1985
2.125090952163393,590970,1990
2.2943473154343934,908471,1995
2.4946088962142334,2155681,2000
2.597541143397468,2744365,2005
2.749246650920543,3192743,2010
2.9123106097705973,3726631,2015
