First_Gold_Badge,Num_Users,Avg_Num_Days
Famous Question,448095,1653.2121960744942
Great Answer,56296,2139.7174399602113
Fanatic,42012,977.6266780919736
Great Question,36230,2375.631520839084
Electorate,27510,1489.6432933478736
Unsung Hero,26872,934.5341991664185
Populist,22266,2001.0911703943239
Stellar Question,8119,2442.9736420741474
Steward,7981,1193.9884726224786
Publicist,7868,2819.9278088459587
