"Year","divide(c1, c2)"
2004,19.248380268947592
2005,20.759289560703337
