item_description,total_sales_2022,total_sales_2023,growth_percentage
JACK DANIELS WINTER JACK,170.61,141523.19999999995,82851.29242131174
99 CHERRIES,22.5,13187.64,58511.73333333334
THE BUTTERFLY CANNON ROSA FLAVORED TEQUILA,57.6,7626.240000000002,13140.0
MR BOSTON HOLIDAY NOG,65.52,3630.0,5440.293040293041
MICHTERS US*1 AMERICAN WHISKEY,211.08,11061.75,5140.54860716316
