skin_condition,percentage_of_participants
Vitiligo,1.3485149059503467
Psoriasis,1.7187999601178585
Acne,1.1599342632290095
Atopic dermatitis,2.6032122314401924