avg_first_round,avg_last_round
7.59420289855072,7.85507246376812