max_net_change,min_net_change
885341014564958914685213.000000000,-462983261504460000000000.000000000
