category,total_articles,education_percentage
tech,401,3.491271820448878
sport,511,0.7827788649706457
business,510,2.3529411764705883
politics,417,14.628297362110311
entertainment,386,2.33160621761658
