group,total_customer,percentage
Medium,36,44.44444444444444
Low,20,24.691358024691358
Very High,13,16.049382716049383
High,12,14.814814814814815
