average,variance,max_min_difference,qtl_source_of_max
8.400093196015103,3.1797601351801763,5.537455072842066,PhLiPS
