race,diff
white,0.23249999999999998
asian,0.20124999999999998
black,0.01949999999999999