data_year,correlation_coefficient
2018,-0.09446716528084996
2017,-0.10035170410580738
2016,-0.11406484292810243
