month,commit_count
1,67.54887749690648
2,66.24139811826736
3,71.79181196503781
4,74.40643472767475
5,69.22016960806785
6,68.48333655332303
7,79.38793622141998
8,63.60461416070008
9,66.51722682424946
10,64.0604824130985
11,65.08814705721922
12,64.98873985759232
