average,quantiles,stddev
21.24255788313123,[14 21 36],3.258090572973699
