browser,avg_session_duration
Firefox,24354.62803984868
Other,24667.32382104702
Chrome,24824.38636397069
