provider_name,year,average_ip_cost,average_op_cost
GOOD SAMARITAN HOSPITAL,2011,10998.374407582936,257.55172413793093
GOOD SAMARITAN HOSPITAL,2012,11007.541984732823,272.672
GOOD SAMARITAN HOSPITAL,2013,11530.437984496119,264.8226950354608
GOOD SAMARITAN HOSPITAL,2014,14988.75451263539,361.5795454545456
