SeriesInstanceUID,seriesNumber,PatientID,seriesSizeInMiB
1.3.6.1.4.1.14519.5.2.1.99.1071.13277129293167305892649949655853,14,A822542,51.9072208404541
1.3.6.1.4.1.14519.5.2.1.3023.4024.516385546787261837605313262948,3,TCGA-QQ-A5V2,45.852354049682617
1.3.6.1.4.1.14519.5.2.1.3023.4024.336792208940753756815581767981,3,TCGA-QQ-A8VF,41.812360763549805
1.3.6.1.4.1.14519.5.2.1.2932.1975.504686912389793508180110599728,7,C3N-01536,37.218845367431641
1.3.6.1.4.1.14519.5.2.1.2932.1975.172267354930989988622900595777,8,C3N-03233,37.218711853027344