{
    "table_name": "ECLIPSE_MEGAMOVIE.ASTROMETRY_CORR_V_0_4",
    "table_fullname": "ECLIPSE_MEGAMOVIE.ECLIPSE_MEGAMOVIE.ASTROMETRY_CORR_V_0_4",
    "column_names": [
        "id",
        "field_dec",
        "field_x",
        "BACKGROUND",
        "index_y",
        "index_ra",
        "index_id",
        "FLUX",
        "field_id",
        "field_y",
        "index_x",
        "match_weight",
        "field_ra",
        "index_dec"
    ],
    "column_types": [
        "TEXT",
        "FLOAT",
        "FLOAT",
        "FLOAT",
        "FLOAT",
        "FLOAT",
        "NUMBER",
        "FLOAT",
        "NUMBER",
        "FLOAT",
        "FLOAT",
        "FLOAT",
        "FLOAT",
        "FLOAT"
    ],
    "description": [
        null,
        null,
        null,
        null,
        null,
        null,
        null,
        null,
        null,
        null,
        null,
        null,
        null,
        null
    ],
    "sample_rows": [
        {
            "index_id": 84,
            "field_ra": 144.56711916886826,
            "field_y": 393.1032409667969,
            "index_dec": 12.736253991109848,
            "field_id": 441,
            "id": "9ebd03df4d25114ab5d35e35182e19d430759b94c48c581e2b9d4dc29e667cb3",
            "BACKGROUND": 76.39909362792969,
            "field_x": 6234.71875,
            "index_x": 6234.903557313227,
            "index_y": 393.0832421046689,
            "FLUX": 1.9159088134765625,
            "index_ra": 144.56690899364185,
            "field_dec": 12.73648611344751,
            "match_weight": 0.9978395466920116
        },
        {
            "index_id": 47,
            "field_ra": 144.8218681490035,
            "field_y": 1462.72900390625,
            "index_dec": 13.312603011878483,
            "field_id": 6,
            "id": "338318b931d90dfb7bad1bdeb2bec405b3f7e49f139160b2c80fd639fe1fb655",
            "BACKGROUND": 54.087100982666016,
            "field_x": 799.48974609375,
            "index_x": 800.9291866263275,
            "index_y": 1463.4997199682418,
            "FLUX": 51.86190414428711,
            "index_ra": 144.82178200756607,
            "field_dec": 13.313923163569392,
            "match_weight": 0.9998885253533747
        },
        {
            "index_id": 6,
            "field_ra": 147.24980490858707,
            "field_y": 1963.451904296875,
            "index_dec": 12.09638100877288,
            "field_id": 2,
            "id": "1433ad8861a423ae81ef770f5d39eb1254bb53061d208dc05585bd4cd1424f7c",
            "BACKGROUND": 448.43994140625,
            "field_x": 2813.794921875,
            "index_x": 2814.4234072944273,
            "index_y": 1963.1564315211701,
            "FLUX": 2540.363037109375,
            "index_ra": 147.24986199521666,
            "field_dec": 12.096619337558728,
            "match_weight": 0.9999897801245938
        },
        {
            "index_id": 34,
            "field_ra": 147.2494471741628,
            "field_y": 1807.5,
            "index_dec": 12.09638100877288,
            "field_id": 0,
            "id": "81293752c0a7e2cc62db3522036d71a52d2eb1989d363ba59ef2e8709a4217a2",
            "BACKGROUND": 1659.88671875,
            "field_x": 2753.5,
            "index_x": 2752.3588853602087,
            "index_y": 1808.0479799499778,
            "FLUX": 63165.5390625,
            "index_ra": 147.24986199521666,
            "field_dec": 12.095320232984513,
            "match_weight": 0.9999600220551086
        },
        {
            "index_id": 117,
            "field_ra": 147.24871979891074,
            "field_y": 286.1390075683594,
            "index_dec": 12.09638100877288,
            "field_id": 148,
            "id": "ef3e8166a198f0ff2199714b1befea69ab5636f46f6d2766f6b010b1eb20277b",
            "BACKGROUND": 541.2069702148438,
            "field_x": 6192.26220703125,
            "index_x": 6191.249414162767,
            "index_y": 286.26297927513906,
            "FLUX": 43.0723876953125,
            "index_ra": 147.24986199521666,
            "field_dec": 12.095775868464871,
            "match_weight": 0.9997552822174405
        }
    ]
}