claim_id,total_charge_amount,total_paid_amount,total_error_amount
1,179.17000000000002,71.24,72.58
2,186.53,118.75,135.01999999999998
3,180.41,59.14,137.25
4,9.59,44.21,43.26
5,13.48,56.45,45.7
6,141.88,176.29,122.32000000000001
7,106.47,137.22,22.89
8,89.36,6.26,47.46
9,56.879999999999995,176.13,86.77000000000001
10,114.34,48.52,87.25
