period,retention rate
1,0.96974956607984
2,0.78651128192413
3,0.76295561616663
4,0.69923134143318
5,0.67840317381602
6,0.58343664765683
7,0.55913711877015
8,0.4859905777337
9,0.47582444830151
10,0.4200347136127
11,0.40962062980412
12,0.34192908504835
13,0.33176295561617
14,0.29308207289859
15,0.28564344160674
16,0.24473096950161
17,0.23630052070419
18,0.1981155467394
19,0.1886932804364
20,0.15695512025787