avg_repetition_time,avg_echo_time,avg_slice_thickness
5493.339568646811,79.1304244098974,4.058865577710375
