browser,avg_user_duration
IE,24454.255141032005
Safari,24692.130049891835
Chrome,24877.864022911734
