max_net_change,min_net_change
300000000000000000000000.000000000,-303555953147998766203380.000000000
