product_id,forecasted_sales_2018
4160,1023.7947826086954
7790,146.71304347826086
Average,585.2539130434782
