nppes_provider_state,total_claims,total_cost
CA,3725846,35073534.87
FL,2689327,21046051.189999994
NY,2606392,20729281.249999993
TX,2212275,17513523.7
PA,1760543,14121212.74
