YEAR,MONTH,TXN_COUNT_PER_MONTH,TXN_PER_SECOND
2023,12,183276039,70.70834837962963
2023,11,162083388,62.5321712962963
2023,1,94523972,36.467581790123454
2023,3,90043521,34.73901273148148
2023,2,80163484,30.927270061728397
2023,7,76129325,29.370881558641976
2023,4,75445088,29.1069012345679
2023,8,73182973,28.234171682098765
2023,10,72673257,28.03752199074074
2023,5,72024889,27.7873800154321
2023,6,71810059,27.704498070987654
2023,9,66595971,25.692890046296295
