YEAR,ZIP,STATE,GROWTH_PERCENTAGE
2015,20148,Virginia,11.65712971
2016,77407,Texas,12.72902353
2017,34785,Florida,15.20085617
2018,34785,Florida,15.90245521
2019,92618,California,13.1152461
2020,32258,Florida,17.41391468