COMPANY_NAME,PERCENTAGE_CHANGE
"META PLATFORMS, INC.",45.97601502673023
APPLE INC.,14.234837038635872
ALPHABET INC.,32.268347460696944
"TESLA, INC.",-20.41046277665996
NVIDIA CORP,157.82324263510975
MICROSOFT CORP,20.968396009624485
AMAZON COM INC,29.11933716423895
