sample_type,f0_
Solid Tissue Normal,0.17292098373186529
Primary Tumor,0.2607948444679673
