similar_publication_number,similarity
US-9627067-B2,0.82105476667339117
CN-106158001-A,0.79723978340647228
CN-105895155-A,0.79290684840005277
CN-106909476-A,0.78681761776204662
US-9595319-B2,0.75205915186263561