race,google_pct,bls_avg_pct,difference_pct_points,abs_difference_pct_points
White,44.5,67.75,-23.25,23.25
Asian,42.8,22.674999999999997,20.125,20.125
Black,8.799999999999999,6.8500000000000005,1.9499999999999988,1.9499999999999988
