state,total_claim_count,total_drug_cost
CA,3728200,35349279.620000005
FL,2690538,21206005.16
NY,2609790,21224976.189999998
TX,2213136,17640628.420000006
PA,1762418,14368635.48
