BADGE_NAME,USERS_COUNT,AVG_DAYS_TO_EARN
Famous Question,418857,1635.131053534805
Fanatic,27620,863.266178475923
Great Answer,25006,1969.970670040870
Unsung Hero,21079,825.649010296741
Electorate,12123,1242.262330726388
Populist,10928,1716.406522696193
Publicist,2748,2409.163286494541
Steward,1567,1200.169527543714
Great Question,713,880.452491300140
Copy Editor,344,751.481998319767
