pickup_borough,percentage_no_tip
Bronx,80.16813144822315
Brooklyn,46.39794572182435
EWR,52.136752136752136
Manhattan,40.891834918929547
Queens,39.286881097736753
Staten Island,63.1578947368421