race_asian_growth,race_black_growth,race_hispanic_growth,race_native_american_growth,race_white_growth,gender_us_women_growth,gender_us_men_growth,gender_global_women_growth,gender_global_men_growth
0.45079365079365086,1.375,0.66666666666666663,-0.10000000000000009,-0.29767441860465116,0.16551724137931051,-0.067605633802816811,0.11437908496732037,-0.050432276657060404