avg_repetition_time,avg_echo_time,avg_slice_thickness,combined_overall_average
4462.717149220490,86.062360801782,3.077951002227,4551.857461024499
