PERIOD_START,PERIOD_END,TOTAL_PATENTS,AVG_INVENTORS_PER_PATENT
1960,1964,433,1.531178
1965,1969,543,1.559853
1970,1974,523,1.657744
1975,1979,467,1.745182
1980,1984,458,1.794760
1985,1989,311,1.971061
1990,1994,863,2.221321
1995,1999,847,2.525384
2000,2004,1020,2.612745
2005,2009,1171,2.892400
2010,2014,1195,2.967364
2015,2019,1425,3.164211
2020,2020,296,3.077703
