Provider_Name,year,Average_IP_Cost,Average_OP_Cost
NEW YORK-PRESBYTERIAN HOSPITAL,2011,2626089.1414141417,443473.70833333331
NEW YORK-PRESBYTERIAN HOSPITAL,2012,2547851.28,406864.6
NEW YORK-PRESBYTERIAN HOSPITAL,2013,2335016.8900000006,382465.43999999994
NEW YORK-PRESBYTERIAN HOSPITAL,2014,1541546.1721518992,343631.46428571426
NEW YORK-PRESBYTERIAN HOSPITAL,2015,1520975.0997304579,409091.4435