pickup_borough,percentage_no_tip
Bronx,80.710450227178853
Brooklyn,47.04194957629349
EWR,51.428571428571431
Manhattan,41.982264263839056
Queens,39.359127172744621
Staten Island,72.0