usertype,avg_temperature,avg_precipitation,avg_wind_speed
Customer,56.66690629647991,0.08788299454635597,4.731177794248884
