item_number,item_description,TOTAL_SALES_2022,TOTAL_SALES_2023,GROWTH_PERCENTAGE
73729,EVAN WILLIAMS KENTUCKY CIDER,7.5,8290.800000000001,110444.0
74782,JACK DANIELS WINTER JACK,170.61,141523.2,82851.29242131177
84155,99 CHERRIES MINI,594.0,86373.00000000001,14440.909090909094
64319,THE BUTTERFLY CANNON ROSA FLAVORED TEQUILA,57.6,7626.24,13139.999999999998
43086,BACARDI COCO W/LIME 50ML,173.32,20669.219999999998,11825.467343641818
