symptom,avg_symptom_2019,avg_symptom_2020,percent_increase_2019_2020,avg_symptom_Depression_2019,avg_symptom_Depression_2020,percent_increase_depression
anxiety,9.6178846153846163,9.8773076923076939,2.6972987023373993
depression,6.0082692307692307,5.7805769230769224,-3.7896488813494327