case_barcode,WEIGHTED_AVG_COPY_NUMBER
TCGA-AB-2972,0.0296
TCGA-AB-2952,0.0223
TCGA-AB-2944,0.0204
TCGA-AB-2939,0.0147
TCGA-AB-2840,0.005899999999999999
TCGA-AB-2859,0.0053
TCGA-AB-2813,0.0052
TCGA-AB-2846,0.0051
TCGA-AB-2830,0.0044043768936074335
TCGA-AB-2887,0.0044
