duration_quantile,min_duration_minutes,max_duration_minutes,total_trips,average_fare
1,0,4,34655552,7.757144908687543
2,4,7,34655568,6.282535320890072
3,7,9,34655569,7.747489996095368
4,9,13,34655568,9.97735378713695
5,13,21,34655569,15.16270786109703
6,21,60,34655585,33.248939860933156
