race,difference,abs_difference
White,-0.23249999999999998,0.23249999999999998
Asian,0.20125,0.20125
Black,0.01949999999999999,0.01949999999999999
