badge_name,user_count,avg_days_to_earn
Famous Question,418856,1635.125135123782
Fanatic,27620,863.266178475923
Great Answer,25007,1969.883772841564
Unsung Hero,21079,825.649010296741
Electorate,12123,1242.363452939536
Populist,10929,1716.580168750480
Publicist,2748,2409.163286494541
Steward,1567,1200.169527543714
Great Question,711,879.329359509142
Copy Editor,344,751.481998319767
