year,provider_id,provider_name,avg_inpatient_cost,avg_outpatient_cost
2011,330101,NEW YORK-PRESBYTERIAN HOSPITAL,2626089.1414141413,443473.7083333333
2012,330101,NEW YORK-PRESBYTERIAN HOSPITAL,2547851.28,406864.6
2013,330101,NEW YORK-PRESBYTERIAN HOSPITAL,2335016.89,382465.44
2014,330101,NEW YORK-PRESBYTERIAN HOSPITAL,1541546.1721518987,343631.46428571426
2015,330101,NEW YORK-PRESBYTERIAN HOSPITAL,1520975.099730458,409001.4434685575
