name,USERCOUNT,AVGDAYSTOEARN
Famous Question,418861,1635.139753437591
Fanatic,27621,863.241119952283
Great Answer,25006,1969.953200900504
Unsung Hero,21079,825.649010296741
Electorate,12122,1242.224812646345
Populist,10928,1716.406522696193
Publicist,2749,2408.617419769007
Steward,1565,1200.817606696486
Great Question,709,872.231611363893
Copy Editor,344,751.481998319767
