avg_repetition_time,avg_echo_time,avg_slice_thickness,combined_overall_average
4462.714922048997,86.06236080178174,3.0603563466953543,4551.837639197474
