month,zip_code,dollars_per_capita
1,52003,1.3269995952236389
2,52003,0.9923800850030359
3,52003,0.871494636713216
4,52003,1.3695375430074883
5,52003,1.0245982594616474
6,52003,0.8893341428860554
7,52003,1.2109987856709168
8,52003,1.492678607569318
9,52003,1.2817132159481885
10,52003,1.2887209066990488
11,52003,1.092896174863388
12,52003,1.6447338595426026
