name,num_users,avg_days_to_earn
Famous Question,418857,1635.125770915253
Fanatic,27620,863.266178475923
Great Answer,25004,1969.898356301832
Unsung Hero,21079,825.649010296741
Electorate,12123,1242.449460075064
Populist,10929,1716.580168750480
Publicist,2749,2408.617419769007
Steward,1567,1200.169527543714
Great Question,710,879.395236838028
Copy Editor,344,751.481998319767
