shot_type,avg_adj_x,avg_adj_y,avg_attempts,avg_success
dunk,90.50040861455629,301.2168060763388,4.609351,4.082650
hook shot,124.90350309640448,304.56899898327015,3.813535,1.827282
jump shot,211.25291442560925,297.78205423049815,72.090598,25.261846
layup,96.35235796498377,302.9383168189653,35.810762,19.683034
tip shot,93.31835643895106,301.83831635209623,2.191435,1.345168
