BADGE_NAME,USERS_COUNT,AVG_DAYS_TO_BADGE
Famous Question,418851,1635.125967592939
Fanatic,27620,863.266178475923
Great Answer,25008,1969.949523820337
Unsung Hero,21079,825.649010296741
Electorate,12122,1242.224812646345
Populist,10928,1716.406522696193
Publicist,2749,2408.617419769007
Steward,1566,1200.160076102810
Great Question,716,886.387362247207
Copy Editor,344,751.481998319767
