county_name,state,median_age,total_population,cases_per_100k,deaths_per_100k,case_fatality_rate_percent
Franklin County,MA,47.0,70529.0,605.4247189099519,89.32495852769783,14.754098360655737
Sussex County,NJ,44.9,140996.0,980.8788901812818,139.72027575250362,14.244396240057844
Middlesex County,CT,45.8,162742.0,883.6071819198486,117.97814946356809,13.351877607788595
