name,USER_COUNT,AVG_DAYS_TO_EARN
Famous Question,418864,1635.129154995355
Fanatic,27621,863.241119953273
Great Answer,25005,1969.964114587393
Unsung Hero,21079,825.649010292978
Electorate,12124,1242.400956495565
Populist,10928,1716.406522693714
Publicist,2748,2409.163286499137
Steward,1565,1200.817606692418
Great Question,707,873.462287940470
Copy Editor,344,751.481998301505
