max_net_change,min_net_change
400000000000000000000000.000000000,-419491956264060000000000.000000000
