avg_symptom_Anosmia_2019,avg_symptom_Anosmia_2020,avg_increase
0.05310756972111555,0.35765384615384616,573.4517283166944
