reference_bases,min_start_position,min_position_ratio,max_start_position,max_position_ratio
AT,29784267,0.0070422535211267607,138735543,0.0070422535211267607
TA,29816555,0.0086956521739130436,138696638,0.0086956521739130436