PLOT_TYPE,inventory_year,STATE,AVG_SIZE
Macroplot,2015,California,4937.295863300523
Macroplot,2016,California,5128.199385365012
Macroplot,2017,California,5043.9370607363635
Subplot,2015,Wyoming,7634.419129440116
Subplot,2016,Alaska,15679.879103970125
Subplot,2017,Wyoming,6284.792518170388
