state_name,AVG_INCOME_DIFFERENCE,AVG_VULNERABLE_EMPLOYEES
Georgia (U.S. state),17459.4,365.38619599040385
Washington (state),11468.894736842105,735.0095962805751
California,11050.242973141787,2136.8630037655767
Maryland,10901.747641509433,1120.6703144041323
New Jersey,10797.616197183099,1344.1755020319931
