YEAR,MONTH,TOTAL_TXNS,TPS
2023,7,259562,0.096909
2023,9,211259,0.081504
2023,11,199254,0.076873
2023,2,0,0.000000
2023,3,0,0.000000
2023,4,0,0.000000
2023,5,0,0.000000
2023,8,0,0.000000
2023,12,0,0.000000
2023,10,0,0.000000
2023,1,0,0.000000
2023,6,0,0.000000
