year,month,sum_of_differences
2013,6,12.628474448897805     
2013,7,12.630820201436112
2012,7,12.88414043804687