MONTH,ADD_TO_CART_CONVERSION_RATE,PURCHASE_CONVERSION_RATE
201701,28.471700,5.592000
201702,34.250100,6.901200
201703,37.292500,8.539600
