MONTH,ADD_TO_CART_CONVERSION_RATE,PURCHASE_CONVERSION_RATE
1,28.471711,5.591965
2,34.250081,6.901205
3,37.292454,8.539641
