county_name,state,median_age,total_pop,confirmed_cases_per_100000,deaths_per_100000,case_fatality_rate
Franklin County ,MA,47.0,70529.0,605.42471890995193,89.324958527697831,14.7540984
Sussex County ,NJ,44.9,140996.0,980.8788901812818,139.72027575250362,14.2443962
Steuben County ,NY,42.9,95843.0,324.48900806527342,40.691547635195057,12.5401929
