geo_id,snap_total,households_under_20,under_20_snap_ratio
06037,533894,536689.0,1.0052351215784407
48201,294465,242700.0,0.82420661199123835
42101,264108,167607.0,0.63461538461538458
26163,237976,167112.0,0.70222207281406523
04013,217171,219152.0,1.0091218440767875
32003,178152,114139.0,0.64068323678656425
06071,170519,99912.0,0.58592884077434182
48113,166276,144389.0,0.86836945800957444
12011,142995,111838.0,0.7821112626315605
06073,135503,138516.0,1.0222356700589654