reference_name,start,END,reference_bases,alt,vt,chi_squared_score,total_count,hom_ref_count,expected_hom_ref_count,het_count,expected_het_count,hom_alt_count,expected_hom_alt_count,alt_freq,alt_freq_from_1KG
17,41217379,41217380,A,G,SNP,2.3302191723167116,1092,1060,1059.249313186813,31,32.501373626373748,1,0.24931318681318873,0.015109890109890167,0.02
17,41243712,41243713,C,T,SNP,0.00022914752295095166,1092,1091,1091.0002289377289,1,0.999542124542121,0,0.00022893772893772731,0.00045787545787545625,0.0005