delivery_month,profit,prev_profit,profit_mom_increase
2023-07,2614.4554803704664,940.2483902454138,1674.2070901250527
2023-05,1926.5826513673073,1150.711828300029,775.8708230672783
2023-10,1866.2338845429833,1366.719833864516,499.51405067846736
2023-04,1150.711828300029,708.7384639946919,441.9733643053372
2022-12,1241.7414639255705,813.8682111585044,427.8732527670661
