PERIOD,AVG_ANXIETY,AVG_DEPRESSION,ANXIETY_PCT_INCREASE,DEPRESSION_PCT_INCREASE
2019-2020,9.617884615384614,6.008269230769231,,
2020-2021,9.877307692307692,5.780576923076922,2.7,-3.79
