Ny,Nn,avg_y,avg_n,tscore
13,12,2.4837277901595503,2.9152014129455064,-7.7645071774860179