highway_type,total_length_meters
residential,159762.63744316378
path,74201.28797251286
track,41612.64983117415
service,35481.37328644061
tertiary,25192.23490230048
