city,difference
Knoxville,8.81396
MADISON,4.8733450000000005
HANCOCK,4.679546
