anxiety_2019,anxiety_2020,depression_2019,depression_2020,anxiety_pct_increase,depression_pct_increase
9.617884615384614,9.877307692307692,6.008269230769231,5.780576923076922,2.6972987023374,-3.7896488813494327