reference_bases,total_count,min_start_position,max_start_position,count_at_min,count_at_max,prop_at_min,prop_at_max
AT,142,29784267,138735543,1,1,0.007042253521126761,0.007042253521126761
TA,115,29816555,138696638,1,1,0.008695652173913044,0.008695652173913044
