badge_name,users_count,avg_days_to_first_gold
Famous Question,418852,1635.126402690549
Fanatic,27621,863.241119952283
Great Answer,25009,1969.971203068255
Unsung Hero,21079,825.649010296741
Electorate,12123,1242.363452939536
Populist,10928,1716.406522696193
Publicist,2749,2408.617419769007
Steward,1566,1200.826644293742
Great Question,714,882.112849079832
Copy Editor,344,751.481998319767
