item_number,item_description,sales_2022,sales_2023,yoy_growth_percent
74782,JACK DANIELS WINTER JACK,170.61,141523.20000000004,82851.2924213118
84155,99 CHERRIES MINI,594.0,86373.0,14440.90909090909
64319,THE BUTTERFLY CANNON ROSA FLAVORED TEQUILA,57.6,7626.24,13139.999999999998
38073,STATE VODKA,97.5,5833.400000000001,5882.974358974359
902421,SOOH EL TESORO ANEJO,360.0,19800.0,5400.0
