browser,AVG_SESSION_DURATION_SECONDS
Safari,89185.581483636767
Other,89591.229208472687
Chrome,89612.832285509088
