item_number,item_description,REVENUE_2022,REVENUE_2023,YOY_GROWTH_PCT
73729,EVAN WILLIAMS SPICED CIDER,7.5,8290.8,110443.99999999999
74782,JACK DANIELS WINTER JACK,170.61,141523.2,82851.29242131177
84155,99 CHERRIES MINI,594.0,86372.99999999999,14440.909090909088
64319,THE BUTTERFLY CANNON ROSA FLAVORED TEQUILA,57.6,7626.239999999999,13139.999999999998
43086,BACARDI COCONUT RUM,173.32,20669.22,11825.46734364182
