conversion_rate,avg_transactions_per_purchaser
0.026984540008979117,1.0394473200868268