browser,avg_user_duration
Firefox,24182.48168269583        
Chrome,24398.444029751958        
Other,24502.2982316768