gene_name,Ensembl_gene_id,EXPRESSION_VARIANCE
MT-ND4,ENSG00000198886,23123402.845200032
MT-ND2,ENSG00000198763,17792160.45117013
MT-CO1,ENSG00000198804,12550624.152566567
MT-CO3,ENSG00000198938,11762033.773057267
MT-CO2,ENSG00000198712,10916032.338960126
