gene_name,Ensembl_gene_id,variance,n_samples
MT-CO1,ENSG00000198804,5296967.315568279,3
MT-CO3,ENSG00000198938,2693047.5013987124,3
MT-ND4,ENSG00000198886,2400947.115236163,3
SAA1,ENSG00000173432,2068872.5007008929,3
MT-ND3,ENSG00000198840,1811527.381224354,3
