state,avg_median_income_diff_2018_minus_2015,avg_vulnerable_employees_2017
Georgia (U.S. state),16522.466666666667,890.8621058064838
District of Columbia,10497.681818181818,2241.63007981516
Massachusetts,9121.021442495126,1208.1343197539425
California,9077.418488444722,2350.5447899488204
New Jersey,8674.214788732394,1407.0383953967964
