PLOT_TYPE,YEAR,STATE,AVG_SIZE
macroplot,2015,6,4937.295863300523
macroplot,2016,6,5128.199385365012
macroplot,2017,6,5043.9370607363635
subplot,2015,56,7634.419129440116
subplot,2016,2,15679.879103970123
subplot,2017,56,6284.792518170388
