year,difference
2015,849388366.28356422
2016,1236787037.731224845
2017,739385349.058211144
2018,362949769.335715268
2019,249413831.301874929
2020,743793077.297214083
2021,1507951619.446783732
2022,999016280.515128005
2023,224522813.91591403