answer1,answer2
2.2545108516634338,1.6707462856492286
16.139134603670939,21.39312815004968
3.216638,2.126257