AgeGroup,AvgDeathsDifference
Under 1 year (includes not stated infant ages),-4.416667
1 - 4 years,-4.750000
5 - 14 years,14.297117
15 - 24 years,213.616034
25 - 34 years,269.211111
35 - 44 years,259.045699
45 - 54 years,341.734694
55 - 64 years,316.094697
65 - 74 years,212.446203
75 - 84 years,129.416667
85 years and over,94.117021
Age not stated,-0.416667
