name,user_count,avg_days_to_earn
Famous Question,418857,1635.131677648357
Fanatic,27621,863.241119953273
Great Answer,25006,1969.894003332208
Unsung Hero,21079,825.649010292978
Electorate,12123,1242.363452945286
Populist,10929,1716.580168747991
Publicist,2749,2408.617419773710
Steward,1565,1200.817606692418
Great Question,711,876.622392431776
Copy Editor,344,751.481998301505
