month,avg_pageviews_purchase,avg_pageviews_non_purchase
201706,25.735763097949885,4.0745598761849458
201707,27.72095435684647,4.1918408747077454