usertype,AVG_PRECIPITATION,AVG_WIND_SPEED,AVG_TEMPERATURE
Customer,0.08788299454635597,4.111279127416955,56.66690629647992
