BADGE_NAME,USERS_COUNT,AVG_DAYS_TO_BADGE
Famous Question,418859,1635.138817856376
Fanatic,27620,863.266178475923
Great Answer,25005,1969.888124820276
Unsung Hero,21079,825.649010296741
Electorate,12123,1242.262330726388
Populist,10929,1716.580168750480
Publicist,2748,2409.163286494541
Steward,1567,1200.169527543714
Great Question,711,874.346044841069
Copy Editor,344,751.481998319767
