ADDRESS_TYPE,MAX_FINAL_BALANCE,MIN_FINAL_BALANCE
multisig,10920.000000000,10017.000000000
pubkeyhash,192112095138.000000000,-557583981515.000000000
scripthash,50495618.000000000,-11276720.000000000
