state_name,AVG_INCOME_DIFFERENCE,AVG_VULNERABLE_EMPLOYEES
Georgia (U.S. state),17459.4,890.8621058064839
Washington (state),11468.894736842105,1456.3717438823276
California,11050.242973141787,2350.5447899488213
Maryland,10901.747641509433,1233.6418112978893
New Jersey,10797.616197183099,1407.0383953967964
