PERIOD,AVG_INVENTORS_PER_PATENT,TOTAL_PATENT_PUBLICATIONS
1960-1964,1.531178,433
1965-1969,1.559853,543
1970-1974,1.657744,523
1975-1979,1.745182,467
1980-1984,1.794760,458
1985-1989,1.971061,311
1990-1994,2.221321,863
1995-1999,2.525384,847
2000-2004,2.612745,1020
2005-2009,2.892400,1171
2010-2014,2.967364,1195
2015-2019,3.164211,1425
2020-2020,3.077703,296
