SeriesInstanceUID,SeriesNumber,PatientID,series_size_mib
1.3.6.1.4.1.14519.5.2.1.1620.1225.126199233307222832552106510489,73400000,EA1141-8882801,17.722129822266
1.3.6.1.4.1.14519.5.2.1.108663692027138140303581722239155623517,8,Prostate-AEC-083,4.004520416016
1.3.6.1.4.1.14519.5.2.1.158119966514243365312211458318617833111,3,Prostate-AEC-011,4.004457473633
1.2.840.113654.2.55.119283694688405156555601339575515565465,4,114118,2.510368347656
1.3.6.1.4.1.14519.5.2.1.3320.3273.120037091871492929992344591042,4,C3N-02592,2.506414413086
