month,avg_pageviews_purchase,avg_pageviews_non_purchase
201706,25.735763097949885,4.074559876184948
201707,27.720954356846473,4.191840874707743
