county_name,state,median_age,total_pop,CASES_PER_100K,DEATHS_PER_100K,CASE_FATALITY_RATE_PERCENTAGE
Franklin County ,MA,47.0,70529.0,605.4247189099519,89.32495852769783,14.754100
Sussex County ,NJ,44.9,140996.0,980.8788901812817,139.72027575250362,14.244400
Middlesex County ,CT,45.8,162742.0,883.6071819198486,117.9781494635681,13.351900
