gene_name,Ensembl_gene_id,variance_fpkm_uq,n_samples
MT-CO1,ENSG00000198804,3531311.5437121857,3
MT-CO3,ENSG00000198938,1795365.0009324749,3
MT-ND4,ENSG00000198886,1600631.410157442,3
SAA1,ENSG00000173432,1379248.3338005953,3
MT-ND3,ENSG00000198840,1207684.9208162362,3
