state_abbr,total_median_income_change_2015_2018,total_adjusted_non_labor_force,avg_population_adjusted_proportion
LA,45133.0,8847.0,0.2632716909083879
MA,55590.0,17986.0,0.3354061716233022
AK,306544.0,53144.0,0.3014627433297839
