country,total_confirmed_cases,cases_per_100k
Spain,200210,422.81599677577725
Italy,181228,304.30857710485822
United States,784326,238.04667516558908
France,156480,232.19517238814782
Germany,147065,176.6747626832003
"Iran, Islamic Rep.",83505,99.419054834278768
China,83817,5.9405525363218006