inventory_year,state_name,value
2017,Wyoming,6674.9216023446352
2016,Wyoming,7657.0529769632012
2015,Wyoming,8074.7669221063234
2017,California,5228.3110877392219
2015,California,5142.6612040102391
2016,California,5441.4691312344057