week_1_pct,week_2_pct,week_3_pct
22.121212121212122,8.1818181818181818,6.0606060606060608