BOARD_TYPE,COMPLETION_COUNT,AVERAGE_SCORE
"""L""",65,34.16923076923077
"""M""",66,28.181818181818183
"""S""",1683,20.471182412358882
