board,average_score
S,20.471182412358875
L,34.169230769230772
M,28.18181818181818