RFM_Bucket,avg_sales_per_customer
Recent Users,67.49587487969201
Price Sensitive,35.15896683673469
Promising,34.592868668758406
About to Sleep,56.95451058201058
Can't Lose Them,338.1616260869566
Potentital Loyalists,132.20565820030356
Champions,244.03373503732303
Loyal Customers,238.10612391281595
Needs Attention,146.20517445103707
Hibernating,184.51701810357622
Lost,57.16492467532467
