prod_id,prod_name,SHARE_2019,SHARE_2020,SHARE_CHANGE
28,English Willow Cricket Bat,0.00994494417633993,0.03544821461745,0.02550327044111007
130,Pro Maple Youth Bat,0.035097654753151304,0.025552768706100456,-0.009544886047050848
14,Pitching Machine and Batting Cage Combo,0.09521898126402403,0.07796884753939409,-0.01725013372462994
21,Speed Trainer Bats and Training Program,0.0902632594891847,0.05155203462607132,-0.03871122486311338