prod_id,prod_name,SHARE_2019,SHARE_2020,SHARE_CHANGE
130,Pro Maple Youth Bat,3.509765475315132,2.5552768706100455,0.9544886047050865
14,Pitching Machine and Batting Cage Combo,9.521898126402402,7.796884753939411,1.7250133724629908
28,English Willow Cricket Bat,0.9944944176339933,3.544821461744998,2.550327044111005
21,Speed Trainer Bats and Training Program,9.026325948918473,5.155203462607133,3.8711224863113394
