division,OVERALL_AVG_QUANTITY_SOLD
N & S,397699.333333
P & A,244691.000000
PC,10045.666667
