month,total_allocation
2020-02,284935.45376344083
2020-03,312844.32258064515
2020-04,170334.0
