avg_first7_percent,avg_first30_percent,avg_ltv
9.37964298027943,24.7587962595115,112.54843071786313
