customer_unique_id,PF,AOV,ACL
0a0a92112bd4c708ca5fde585afaa872,1,13664.00,1.000000
763c8b1c9c68a0229c42c9fc6f662b93,1,7275.00,1.000000
dc4802a71eae9be1dd28f5d788ceb526,1,6929.00,1.000000
