TIER,LOWEST_PROFIT,HIGHEST_PROFIT
1,-27.93999999999994,-10.030000000000086
2,-10.030000000000086,0.5999999999999996
3,0.8800000000000008,18.330000000000005
4,19.599999999999937,42.48000000000002
5,54.499999999999964,82.47000000000003
6,88.27000000000004,119.29000000000008
7,125.14999999999998,194.11
8,209.22000000000003,307.4699999999999
9,318.61,588.3599999999999
10,698.35,785.1500000000001
