prod_id,prod_name,sales_2019,sales_2020,total_sales,share_2019,share_2020,pct_point_change
37,,18222.68999999999,36172.530000000006,54395.22,0.031083072019063816,0.025064689330111443,0.6018382688952374
