avg_first7_percent,avg_first30_percent,avg_ltv
0.0937964298027943,0.247587962595115,112.54843071786313
