division,avg_top3_sold_quantity
N & S,397699.3333333333
P & A,244691
PC,10045.666666666666