BUCKET_NUMBER,CUSTOMER_COUNT,BUCKET_MIN_PROFIT,BUCKET_MAX_PROFIT
1.0,29,-23.559999999999945,54.499999999999964
2.0,17,59.10000000000005,132.71000000000004
3.0,5,165.9600000000001,216.33999999999992
4.0,3,233.02999999999997,264.8799999999999
5.0,4,304.34000000000015,376.5899999999998
6.0,1,430.14,430.14
7.0,1,507.8600000000001,507.8600000000001
8.0,2,544.0500000000003,588.3599999999999
9.0,2,698.35,700.9899999999999
10.0,4,743.1100000000004,785.1500000000001
