bucket,max_profit,min_profit
1,785.1500000000001,588.3599999999999
2,544.0500000000003,304.34000000000015
3,264.8799999999999,184.96999999999997
4,165.9600000000001,114.49000000000001
5,106.80999999999995,68.15000000000002
6,66.34,39.47
7,39.44999999999993,17.80000000000001
8,10.840000000000007,0.5999999999999996
9,0.3100000000000005,-10.030000000000086
10,-10.030000000000086,-27.93999999999994
