prod_id,prod_name,SALES_2019,SALES_2020,SHARE_2019,SHARE_2020,SHARE_CHANGE
28,English Willow Cricket Bat,5830.3,51157.69,0.9944944176339933,3.5448214617449993,2.5503270441110057
40,Team shirt,11986.29,25422.66,2.0445429039915886,1.761588351284941,-0.2829545527066473
130,Pro Maple Youth Bat,20576.27,36876.91,3.509765475315131,2.555276870610045,-0.9544886047050862
14,Pitching Machine and Batting Cage Combo,55822.86,112522.06,9.521898126402405,7.796884753939406,-1.7250133724629981
21,Speed Trainer Bats and Training Program,52917.53,74398.19,9.026325948918473,5.155203462607131,-3.8711224863113416
