year,month,monthly_total,running_total,monthly_total_yoy_growth,running_total_yoy_growth
2022,4,1437,2945,-4.708223,95.291777
2022,5,1459,2968,-3.313453,96.686547
2022,6,1411,2806,1.146953,101.146953
2023,4,1402,4347,-2.435630,47.606112
2023,5,1389,4357,-4.797807,46.799191
2023,6,1432,4238,1.488306,51.033500
