RFM_SEGMENT,CUSTOMERS_IN_SEGMENT,SEGMENT_AVG_SALES_PER_ORDER,SEGMENT_MEDIAN_SALES_PER_ORDER,SEGMENT_MIN_SALES_PER_ORDER,SEGMENT_MAX_SALES_PER_ORDER,OVERALL_AVG_SALES,DIFF_VS_OVERALL
Champions,6403,316.38619673441764,220.59,29.423333333333332,7274.88,160.31493036313194,156.0712663712857
Hibernating,13689,297.70990357221126,211.79,15.62,13664.08,160.31493036313194,137.39497320907932
Loyal Customers,14093,248.2584383134034,172.53,29.2,4175.26,160.31493036313194,87.94350795027145
Can't Lose Them,503,214.66173956262423,166.25,71.65666666666668,3785.815,160.31493036313194,54.3468091994923
Needs Attention,5806,178.33224595246298,85.74000000000001,14.84,3826.8,160.31493036313194,18.017315589331048
Potential Loyalists,16900,87.06575000000001,80.36,12.89,208.42,160.31493036313194,-73.24918036313193
About to Sleep,7943,86.35118091401235,76.21,13.78,208.51,160.31493036313194,-73.96374944911959
Lost,23150,79.37568250539957,71.625,0.0,208.55,160.31493036313194,-80.93924785773237
Recent Users,4871,46.9279162389653,45.2,9.59,87.36,160.31493036313194,-113.38701412416663
