calendar_month_number,AVG_PROJECTED_USD_SALES
1,4054.994325024108
2,2402.890174199839
3,2888.4775991276606
4,1474.1040294765332
5,2904.713499188737
6,1440.353931605308
7,1600.133617240834
8,1392.5971410067111
9,2702.5017872409767
10,2218.773458797572
11,3208.9430007968376
12,3062.6643679549247
