boroname,tree_count,avg_mean_income
Queens,250364,79366.738418
Brooklyn,175358,73555.190988
Staten Island,105318,94029.327834
