NAME,"AVG(T1.""QTY"")"
Hoppy Crude Oil,36.666666666666664
Der Helle Kumpel,23.333333333333332
