borough,tree_count,average_mean_income
Queens,252846,79366.738417851182
Brooklyn,177132,73555.190987512138
Staten Island,106374,94029.327833869179
