period,retention_rate
1,0.997025
2,0.980908
3,0.771882
4,0.767171
5,0.682866
6,0.678155
7,0.575254
8,0.573518
9,0.498636
10,0.494917
11,0.434416
12,0.429209
13,0.355815
14,0.351847
15,0.305976
16,0.301017
17,0.258616
18,0.256881
19,0.212497
20,0.209273
