country_name,country_batting_average
England,14.563182071429
West Indies,12.524753210526
Australia,12.356703458333
South Africa,11.738871333333
Netherlands,11.241379000000
