rfm_segment,customer_count,segment_avg_sales_per_order,min_customer_avg_sales_per_order,max_customer_avg_sales_per_order,avg_orders_per_customer,avg_total_spend_per_customer,difference_from_overall_avg_sales_per_order
Champions,6390,317.01545347268797,29.423333333333332,7274.88,1.107512,333.89346478873244,156.69880588502693
Hibernating,13696,297.83301109813084,15.62,13664.08,1.037529,300.2616764018692,137.5163635104698
Loyal Customers,14059,248.2689139448605,29.2,4175.26,1.089480,261.9296223059962,87.95226635719945
Can't Lose Them,507,216.26095660749507,71.65666666666668,3785.815,2.104536,451.1841617357002,55.94430901983404
Needs Attention,5806,177.95770582156388,14.84,3826.8,1.004650,178.12565449534964,17.64105823390284
Potential Loyalists,16946,87.20456833471026,12.89,208.42,1.004367,87.35386226838192,-73.11207925295078
About to Sleep,7952,86.41085261569417,13.78,208.51,1.000000,86.41085261569417,-73.90579497196687
Lost,23139,79.33309607156748,10.07,208.55,1.000000,79.33309607156748,-80.98355151609356
Recent Users,4862,46.88522624434389,9.59,87.32,1.000000,46.88522624434389,-113.43142134331714
