rfm_segment,customers_in_segment,segment_total_orders,segment_total_spend,segment_avg_sales_per_order,overall_avg_sales_per_order,diff_vs_overall,segment_avg_customer_avg,overall_avg_customer_avg,rank_by_segment_avg_sales
Champions,6406,7094,2133852.89,300.79685508880743,159.85470024254235,140.94215484626508,316.24718743216926,160.31493036313194,1
Hibernating,13668,14186,4107884.25,289.5731178626815,159.85470024254235,129.71841762013915,298.09610550190223,160.31493036313194,2
Loyal Customers,14082,15335,3687082.99,240.4357998043691,159.85470024254235,80.58109956182676,248.21713436662358,160.31493036313194,3
Can't Lose Them,507,1067,228750.37,214.38647610121836,159.85470024254235,54.53177585867601,216.26095660749507,160.31493036313194,4
Needs Attention,5800,5827,1034277.74,177.49746696413249,159.85470024254235,17.642766721590135,178.15562586206897,160.31493036313194,5
Potential Loyalists,16920,16994,1476315.6,86.87275509003179,159.85470024254235,-72.98194515251056,87.10317169030733,160.31493036313194,6
About to Sleep,7952,7952,687608.8,86.46991951710262,159.85470024254235,-73.38478072543973,86.46991951710262,160.31493036313194,7
Lost,23167,23167,1839039.09,79.38184011740839,159.85470024254235,-80.47286012513396,79.38184011740839,160.31493036313194,8
Recent Users,4856,4856,227650.04,46.88015650741351,159.85470024254235,-112.97454373512883,46.88015650741351,160.31493036313194,9
