prod_id,prod_name,pp_change,share_2019q4,share_2020q4
130,Pro Maple Youth Bat,0.009544886047050841,0.0350976547531513,0.025552768706100456
