year,pre_sales,post_sales,pct_change_after_vs_before
2018,2125140809,2129242914,0.193000
2019,2249989796,2252326390,0.103800
2020,2345878357,2334905223,-0.467800
