RFM_Bucket,avg_sales_per_customer
Recent Users,67.575289464
Price Sensitive,34.906940426
Potentital Loyalists,132.314372406
Champions,243.422795636
Loyal Customers,237.66883997
Promising,34.720267499
Needs Attention,147.391345313
About to Sleep,56.931459126
Hibernating,184.485559268
Can't Lose Them,338.486577432
Lost,57.049824026
