usertype,avg_precipitation,avg_wind_speed,avg_temperature
Customer,0.087882994546356008,4.1112791274169549,56.666906296479937
