provider_city,avg_payment
SPRINGFIELD,16993.888888888898
BOSTON,25953.69230769231
NEW YORK,29807.0
