boroname,mean_income
Staten Island,94026.03572038967
Queens,79366.23974692848
Brooklyn,73552.914734429